Pays;1995;1996;1997;1998;1999;2000;2001;2002;2003;2004;2005;2006;2007;2008;2009;2010;2011;2012;2013;2014;2015;2016;2017;2018;2019;2020;2021;2022
AFGHANISTAN;NULL;NULL;NULL;NULL;NULL;NULL;NULL;NULL;NULL;NULL;NULL;NULL;NULL;NULL;NULL;NULL;NULL;NULL;NULL;NULL;NULL;NULL;NULL;NULL;NULL;NULL;NULL;NULL
ALBANIA;NULL;NULL;NULL;NULL;NULL;NULL;955;1303;1350;1694;2097;2616;2979;3716;3404;3443;4120;3959;3928;4146;4504;4852;5186;5415;5922;2907;4191;5882
ALGERIA;1090;874;827;879;903;1006;1190;1257;1254;1417;1513;1349;1499;1539;1677;1757;1715;1911;2136;2839;3638;4530;5058;5610;5732;1386;344;2865
AMERICAN SAMOA;NULL;NULL;NULL;NULL;NULL;NULL;NULL;NULL;NULL;NULL;NULL;NULL;NULL;NULL;NULL;NULL;NULL;NULL;NULL;NULL;NULL;NULL;NULL;NULL;NULL;NULL;NULL;NULL
ANDORRA;NULL;NULL;NULL;NULL;NULL;NULL;NULL;NULL;NULL;NULL;NULL;NULL;NULL;NULL;NULL;NULL;NULL;NULL;NULL;NULL;NULL;NULL;NULL;NULL;NULL;NULL;NULL;NULL
ANGOLA;3;3;NULL;NULL;NULL;NULL;NULL;NULL;NULL;NULL;NULL;NULL;NULL;NULL;NULL;NULL;NULL;NULL;NULL;NULL;NULL;NULL;NULL;NULL;NULL;NULL;NULL;NULL
ANGUILLA;NULL;NULL;NULL;NULL;NULL;NULL;NULL;NULL;NULL;NULL;NULL;NULL;NULL;NULL;NULL;NULL;NULL;NULL;NULL;NULL;NULL;NULL;NULL;NULL;NULL;NULL;NULL;NULL
ANTIGUA AND BARBUDA;NULL;NULL;NULL;NULL;NULL;NULL;NULL;NULL;NULL;NULL;NULL;NULL;NULL;NULL;NULL;NULL;NULL;NULL;NULL;NULL;NULL;NULL;NULL;NULL;NULL;NULL;NULL;NULL
ARGENTINA;3815;4296;4517;4592;4786;4953;4762;3008;3088;3904;3894;3892;4167;4614;4981;5307;6686;7266;6746;6517;7807;10417;12213;11130;9114;2841;833;5142
ARMENIA;NULL;NULL;NULL;NULL;NULL;111;110;131;169;221;269;329;468;516;526;563;715;965;1083;1198;1187;1263;1482;1623;1868;346;423;1139
ARUBA;NULL;NULL;NULL;NULL;NULL;NULL;NULL;NULL;NULL;NULL;NULL;NULL;NULL;NULL;NULL;NULL;NULL;NULL;NULL;NULL;NULL;NULL;NULL;NULL;NULL;NULL;NULL;NULL
AUSTRALIA;2519;2732;2933;3161;3210;3498;3443;3461;3388;4369;4756;4941;5462;5808;6276;7103;7788;8212;9052;9480;9810;10390;10932;11403;11624;2832;301;5226
AUSTRIA;NULL;NULL;NULL;NULL;NULL;7528;8350;8266;8384;8371;8206;10042;9876;9677;10121;9882;9874;10960;10671;10994;10628;11534;11491;11043;11902;3964;7522;11871
AZERBAIJAN;NULL;432;654;1146;1204;1326;1130;1141;1475;1473;887;890;791;1048;1145;1820;2308;2829;3307;3319;3256;3592;3447;3919;4579;1165;975;1345
BAHAMAS;NULL;NULL;NULL;NULL;NULL;NULL;NULL;NULL;NULL;NULL;NULL;NULL;NULL;NULL;NULL;NULL;NULL;NULL;NULL;NULL;NULL;NULL;NULL;NULL;NULL;NULL;NULL;NULL
BAHRAIN;NULL;NULL;NULL;NULL;NULL;NULL;NULL;NULL;NULL;NULL;NULL;NULL;NULL;NULL;NULL;NULL;NULL;NULL;NULL;NULL;3676;1842;1744;1520;1550;464;NULL;NULL
BANGLADESH;830;911;866;992;1103;1128;1075;1158;1414;1565;1767;1819;2327;875;2254;1913;2127;2273;1460;NULL;NULL;NULL;NULL;NULL;1564;NULL;NULL;NULL
BARBADOS;NULL;NULL;NULL;NULL;NULL;NULL;NULL;NULL;NULL;NULL;NULL;NULL;NULL;NULL;NULL;NULL;NULL;NULL;NULL;NULL;NULL;NULL;NULL;NULL;NULL;NULL;NULL;NULL
BELARUS;NULL;NULL;969;901;934;1289;1387;1436;1108;515;572;525;517;380;316;415;320;493;708;741;671;468;706;836;963;254;477;344
BELGIUM;NULL;5645;7548;7776;6410;7932;6570;6773;7268;8783;9327;7852;8371;8887;8775;8801;9727;9576;10803;10991;10835;13372;14628;15627;17321;7108;8593;16005
BELIZE;NULL;NULL;NULL;NULL;NULL;NULL;NULL;NULL;NULL;NULL;NULL;NULL;NULL;NULL;NULL;NULL;NULL;NULL;NULL;NULL;NULL;NULL;NULL;NULL;NULL;NULL;NULL;NULL
BENIN;NULL;NULL;NULL;NULL;NULL;NULL;NULL;NULL;NULL;NULL;NULL;NULL;NULL;NULL;NULL;NULL;NULL;NULL;NULL;NULL;NULL;NULL;NULL;NULL;NULL;NULL;NULL;NULL
BERMUDA;NULL;NULL;NULL;NULL;NULL;NULL;140;145;141;156;161;170;181;192;NULL;NULL;NULL;NULL;NULL;NULL;NULL;NULL;NULL;NULL;NULL;NULL;NULL;NULL
BHUTAN;NULL;NULL;NULL;NULL;NULL;NULL;NULL;NULL;NULL;NULL;NULL;NULL;NULL;NULL;NULL;NULL;NULL;NULL;NULL;NULL;NULL;NULL;NULL;NULL;41;NULL;NULL;NULL
BOLIVIA, PLURINATIONAL STATE OF;249;269;285;299;253;201;222;217;304;346;386;472;526;544;518;604;775;788;837;932;965;940;997;1060;1160;432;376;821
BONAIRE;NULL;NULL;NULL;NULL;NULL;NULL;NULL;NULL;NULL;NULL;NULL;NULL;NULL;NULL;NULL;NULL;NULL;NULL;NULL;NULL;NULL;NULL;NULL;NULL;NULL;NULL;NULL;NULL
BOSNIA AND HERZEGOVINA;NULL;NULL;NULL;NULL;NULL;NULL;NULL;NULL;NULL;NULL;NULL;NULL;NULL;NULL;NULL;NULL;NULL;NULL;NULL;NULL;NULL;NULL;NULL;NULL;NULL;NULL;NULL;NULL
BOTSWANA;NULL;NULL;NULL;NULL;NULL;NULL;NULL;NULL;NULL;NULL;NULL;NULL;NULL;NULL;NULL;NULL;NULL;NULL;NULL;NULL;NULL;NULL;NULL;NULL;NULL;NULL;NULL;NULL
BRAZIL;2600;3797;4014;4171;2863;3228;2674;2338;3229;2968;3364;3886;4662;5238;4920;6457;7807;8497;8866;9617;9478;8872;10610;10628;NULL;NULL;NULL;NULL
BRITISH VIRGIN ISLANDS;79;NULL;NULL;NULL;NULL;NULL;NULL;NULL;NULL;NULL;NULL;171;166;166;140;151;145;139;NULL;NULL;NULL;NULL;NULL;NULL;NULL;NULL;NULL;NULL
BRUNEI DARUSSALAM;NULL;NULL;NULL;NULL;NULL;NULL;NULL;NULL;NULL;NULL;NULL;NULL;NULL;NULL;NULL;NULL;NULL;NULL;NULL;NULL;NULL;NULL;NULL;NULL;NULL;NULL;NULL;NULL
BULGARIA;3524;3006;3059;2592;2376;2337;2730;3188;3403;3882;4235;4180;4515;5727;4993;3676;3803;3758;3054;3221;3434;4712;4883;5768;5823;3325;4094;5664
BURKINA FASO;NULL;NULL;NULL;NULL;NULL;NULL;NULL;NULL;NULL;NULL;NULL;NULL;NULL;NULL;NULL;NULL;NULL;NULL;NULL;NULL;NULL;NULL;NULL;NULL;NULL;NULL;NULL;NULL
BURUNDI;36;35;10;16;27;28;35;NULL;NULL;NULL;NULL;NULL;NULL;NULL;NULL;NULL;NULL;NULL;NULL;NULL;NULL;NULL;NULL;NULL;NULL;NULL;NULL;NULL
CABO VERDE;NULL;NULL;NULL;NULL;NULL;NULL;NULL;NULL;NULL;NULL;NULL;NULL;NULL;NULL;NULL;NULL;NULL;NULL;NULL;NULL;NULL;NULL;NULL;NULL;NULL;NULL;NULL;NULL
CAMBODIA;31;38;45;41;49;41;37;45;60;239;568;787;996;786;340;505;710;792;872;956;1194;1434;1752;1995;2038;326;30.5;970
CAMEROON;NULL;NULL;NULL;NULL;NULL;NULL;NULL;NULL;NULL;NULL;NULL;NULL;NULL;NULL;NULL;NULL;NULL;NULL;NULL;NULL;NULL;NULL;NULL;NULL;NULL;NULL;NULL;NULL
CANADA;18206;18973;19111;17648;18366;19183;18359;17705;17739;19596;21099;22731;25163;27034;26203;28893;30445;32267;32996;33526;32265;31278;32730;33440;33064;8971;4954;21400
CAYMAN ISLANDS;NULL;NULL;NULL;NULL;NULL;NULL;NULL;NULL;NULL;NULL;NULL;NULL;NULL;NULL;NULL;NULL;NULL;NULL;NULL;NULL;NULL;NULL;NULL;NULL;NULL;NULL;NULL;NULL
CENTRAL AFRICAN REPUBLIC;NULL;NULL;NULL;NULL;NULL;NULL;NULL;5;6;7;8;11;NULL;NULL;NULL;38;NULL;NULL;NULL;NULL;NULL;NULL;NULL;NULL;NULL;NULL;NULL;NULL
CHAD;NULL;NULL;NULL;NULL;NULL;27;40;23;NULL;NULL;NULL;NULL;NULL;58;66;39;76;79;NULL;NULL;NULL;56;52;NULL;NULL;5.5;13.7;NULL
CHILE;NULL;NULL;NULL;NULL;NULL;1319;1180;1293;1341;1504;1725;1887;2047;1899.5;1909.3;2218.7;2637.6;2837.1;2999;3169;3359;3553;3620;3825;3346;963.4;513.9;2155
CHINA;4520;5061;5324;8426;9232;10473;12133;16602;20222;28853;31026;34524;40954;45844;47656;57386;70250;83182;98185;116593;127860;135130;143035;149720;154632;20334;NULL;NULL
COLOMBIA;1057;929;1071;1093;1098;1235;1381;1277;1177;1405;1553;NULL;2028;2042;2122;2342;2522;3169;3605;3911;3862;3795;4017;4368;4479;1275;3004;4931
COMOROS;NULL;NULL;NULL;NULL;NULL;NULL;NULL;NULL;NULL;NULL;NULL;NULL;NULL;NULL;NULL;NULL;NULL;NULL;NULL;NULL;NULL;NULL;NULL;NULL;NULL;NULL;NULL;NULL
CONGO;NULL;NULL;NULL;NULL;NULL;NULL;NULL;NULL;NULL;NULL;NULL;NULL;NULL;NULL;NULL;NULL;NULL;161;180;NULL;NULL;NULL;NULL;NULL;NULL;NULL;NULL;NULL
CONGO, DEMOCRATIC REPUBLIC OF THE;NULL;NULL;NULL;50;50;NULL;NULL;NULL;NULL;NULL;NULL;NULL;NULL;NULL;NULL;NULL;NULL;NULL;NULL;NULL;356;424;NULL;NULL;NULL;NULL;NULL;NULL
COOK ISLANDS;6;7;8;8;8;9;9;9;10;12;13;13;13;13;12;12;13;12;12;12;13;14;13.3;14;14;3.7;4.7;9
COSTA RICA;273;283;288;330;353;381;361;364;373;425;487;485;577;528;579;662;717;773;790;798;919;1036;1150;1079;1153;324;588;934
COTE D´IVOIRE;NULL;NULL;NULL;NULL;NULL;NULL;NULL;NULL;NULL;NULL;NULL;NULL;NULL;NULL;NULL;NULL;NULL;NULL;NULL;NULL;NULL;NULL;NULL;NULL;NULL;NULL;NULL;731.2
CROATIA;NULL;NULL;NULL;NULL;NULL;NULL;NULL;NULL;NULL;NULL;NULL;NULL;NULL;2357;2497;1873;2880;2680;2927;2763;2578;1615;1923;2058;2255;493;639;1351
CUBA;72;72;83;94;97;139;121;111;113;124;162;199;194;202;206;251;253;213;286;355;580;385;459;552;650;271;244;732
CURAÇAO;NULL;NULL;NULL;NULL;NULL;NULL;NULL;NULL;NULL;NULL;NULL;NULL;NULL;NULL;NULL;NULL;NULL;NULL;NULL;NULL;NULL;NULL;NULL;NULL;NULL;NULL;NULL;NULL
CYPRUS;360;365;422;484;540;588;684;744;737;859;914;932;1081;1210;1172;1246;1209;1194;1115;1209;1119;1268;1407;1446;1578;482;514;NULL
CZECH REPUBLIC (CZECHIA);NULL;NULL;NULL;NULL;NULL;NULL;NULL;NULL;7213;6643;6963;6393;9048;9665;8904;8673;5279;5419;5781;5651;5856;6027;6775;7390;7346;2399;1161;5254
DENMARK;NULL;5035;4693;4788;4744;5011;4946;4935;5564;4630;5469;6129;6564;6347;7037;7726;7846;7843;6977;8528;8991;9651;8087;7475;9088;4230;3182;6043
DJIBOUTI;NULL;NULL;NULL;NULL;NULL;NULL;NULL;NULL;NULL;NULL;NULL;NULL;NULL;NULL;NULL;NULL;NULL;NULL;NULL;NULL;NULL;NULL;NULL;NULL;NULL;NULL;NULL;NULL
DOMINICA;NULL;NULL;NULL;NULL;NULL;NULL;NULL;NULL;NULL;NULL;NULL;NULL;NULL;NULL;NULL;NULL;NULL;NULL;NULL;NULL;NULL;NULL;NULL;NULL;NULL;NULL;NULL;NULL
DOMINICAN REPUBLIC;168;358;355;354;363;360;331;332;321;368;419;420;443;413;415;401;408;418;392;427;478;500;522;514;532;210;556;780
ECUADOR;271;275;321;330;386;520;562;627;613;603;664;733;801;815;814;899;1022;1022;1138;1096;1221;1366;1347;1402;1515;508;868;1338
EGYPT;2683;2812;2722;2854;2886;2964;3074;3330;3644;5210;5307;4531;NULL;NULL;4716;4618;4863;5678;5782;6180;NULL;NULL;NULL;NULL;NULL;NULL;NULL;NULL
EL SALVADOR;348;492;627;868;787;923;933;1001;940;1079;1239;1242;1012;NULL;1345;999;1160;1163;1166;1163;1250;1411;1394;1260;1331;384;801;1270
EQUATORIAL GUINEA;NULL;NULL;NULL;NULL;NULL;NULL;NULL;NULL;NULL;NULL;NULL;NULL;NULL;NULL;NULL;NULL;NULL;NULL;NULL;NULL;NULL;NULL;NULL;NULL;NULL;NULL;NULL;NULL
ERITREA;NULL;NULL;NULL;NULL;NULL;NULL;NULL;NULL;NULL;NULL;NULL;NULL;NULL;NULL;NULL;NULL;NULL;NULL;NULL;NULL;NULL;NULL;NULL;NULL;NULL;NULL;NULL;NULL
ESTONIA;1764;1547;1616;1659;1780;1800;1658;1849;2075;NULL;NULL;438;677;692;752;955;1054;1147;1166;1426;1250;1339;1279;2069;1702;558;575;1090
ESWATINI;NULL;NULL;NULL;NULL;NULL;NULL;NULL;NULL;NULL;NULL;1082;1072;1130;1177;1245;1141;1264;1403;1573;1657;1713;1789;1751;1717;1721;488;295;711
ETHIOPIA;120;133;NULL;NULL;NULL;NULL;NULL;NULL;NULL;NULL;NULL;NULL;NULL;NULL;NULL;NULL;NULL;NULL;NULL;NULL;NULL;NULL;NULL;NULL;NULL;NULL;NULL;NULL
FIJI;68;72;74;78;89;83;85;99;104;94;109;121;120;124;125;128;132;132;NULL;NULL;NULL;156;169;174;174;40;14;109
FINLAND;5147;4918;5233;4743;5314;5914;5824;5857;5585;5798;5902;5756;5749;5854;5832;6633;7274;9055;8562;8731;8904;9125;9330;9450;9410;2330;1810;6180
FRANCE;18686;18151;17115;18077;16709;19886;19265;18315;18576;21131;22480;22240;28103;25506;25140;25041;26155;25317;26062;27919;26648;26483;29055;30509;30407;11937;13681;28085
FRENCH GUIANA;NULL;NULL;NULL;NULL;NULL;NULL;NULL;NULL;NULL;NULL;NULL;NULL;NULL;NULL;NULL;NULL;NULL;NULL;NULL;NULL;NULL;NULL;NULL;NULL;NULL;NULL;NULL;NULL
FRENCH POLYNESIA;63;65;NULL;NULL;NULL;NULL;NULL;NULL;NULL;NULL;NULL;NULL;NULL;NULL;88;89;84;83;NULL;48;55;48;55;47;63;12;NULL;NULL
GABON;NULL;NULL;NULL;203;187;168;189;219;236;NULL;NULL;NULL;NULL;NULL;NULL;NULL;NULL;NULL;NULL;NULL;NULL;NULL;NULL;NULL;NULL;NULL;NULL;NULL
GAMBIA;NULL;NULL;NULL;NULL;NULL;NULL;NULL;NULL;NULL;NULL;387;307;NULL;NULL;NULL;NULL;NULL;NULL;NULL;NULL;NULL;NULL;NULL;NULL;NULL;NULL;NULL;NULL
GEORGIA;228;219;355;433;373;315;306;317;NULL;466;857;1346;1473;1872;1980;2086;2237;2734;3220;3106;3136;3400;3851;3698;3780;NULL;NULL;NULL
GERMANY;NULL;NULL;55800;69200;78100;80507;81551;80393;85345;84859;86622;81801;82099;86201;85547;85872;84692;82729;87459;83008;83737;90966;92402;108542;99533;36867;48667;86623
GHANA;NULL;NULL;NULL;NULL;NULL;NULL;NULL;NULL;NULL;NULL;NULL;NULL;NULL;NULL;NULL;NULL;NULL;NULL;NULL;NULL;157.6;168.3;192.4;192.4;222.1;159.8;NULL;NULL
GREECE;NULL;NULL;NULL;NULL;NULL;NULL;NULL;NULL;NULL;NULL;NULL;NULL;NULL;3765;3835;3799;4941;4681;4594;5802;6291;7235;7685;7961;7848;2324;2026;5094
GRENADA;NULL;NULL;NULL;NULL;NULL;NULL;NULL;NULL;NULL;NULL;NULL;NULL;NULL;NULL;NULL;NULL;NULL;NULL;NULL;NULL;NULL;NULL;NULL;NULL;NULL;NULL;NULL;NULL
GUADELOUPE;NULL;NULL;NULL;NULL;NULL;NULL;NULL;NULL;NULL;NULL;NULL;NULL;NULL;NULL;NULL;NULL;NULL;NULL;113;NULL;NULL;NULL;NULL;NULL;NULL;NULL;NULL;NULL
GUAM;NULL;NULL;NULL;NULL;NULL;NULL;NULL;NULL;NULL;NULL;NULL;NULL;NULL;NULL;NULL;NULL;NULL;NULL;NULL;NULL;NULL;NULL;NULL;NULL;NULL;NULL;NULL;NULL
GUATEMALA;333;333;331;391;485;488;580;629;658;854;982;1055;1168;1277;562;585;596;580;686;840;939;1053;1065.25;1229;1298.6;401.5;414.4;1184.9
GUINEA;NULL;NULL;NULL;NULL;NULL;NULL;NULL;NULL;NULL;NULL;NULL;NULL;NULL;NULL;NULL;NULL;NULL;NULL;NULL;NULL;NULL;NULL;NULL;NULL;NULL;NULL;NULL;NULL
GUINEA-BISSAU;NULL;NULL;NULL;NULL;NULL;NULL;NULL;NULL;NULL;NULL;NULL;NULL;NULL;NULL;NULL;NULL;NULL;NULL;NULL;NULL;NULL;NULL;NULL;NULL;NULL;NULL;NULL;NULL
GUYANA;NULL;NULL;NULL;NULL;NULL;NULL;NULL;NULL;NULL;NULL;NULL;NULL;NULL;NULL;NULL;NULL;NULL;NULL;NULL;NULL;NULL;NULL;NULL;NULL;NULL;NULL;NULL;NULL
HAITI;NULL;NULL;NULL;NULL;NULL;NULL;NULL;NULL;NULL;NULL;NULL;NULL;NULL;NULL;NULL;NULL;NULL;NULL;NULL;NULL;NULL;NULL;NULL;NULL;NULL;NULL;NULL;NULL
HONDURAS;149;162;183;202;235;274;279;279;277;295;284;295;315;387;395;408;449;464;471;557;692;664;485;501;NULL;NULL;NULL;NULL
HONG KONG, CHINA;NULL;NULL;NULL;47594;53144;58901;61096;64540;60936;68903;72300;75812;80682;81911;81958;84442;84816;85276;84380;84519;89082;91758;91304;92214;94715;8261;905;2181
HUNGARY;13083;12064;12173;12317;10622;11065;11167;12966;14283;17558;6994;6007;5734;6155;5672;5297;5335;4881;4912;5587;6382;7091;7539;8649;9373;3908;4358;7167
ICELAND;166;190;203;227;257;283;NULL;NULL;NULL;NULL;364;440;460;414;259;299;341;358;365;400;450;536;619;668;611;130;219;NULL
INDIA;3056;3464;3726;3811;4115;4416;4564;4940;5351;6213;7185;8340;9783;10868;11067;12988;13994;14920;16626;18330;20376;21872;23943;26296;26689;7117;8397;21600
INDONESIA;NULL;NULL;NULL;NULL;NULL;2205;2505;3231;3478;3941;4106;4967;5158;5486;5053;6235;6750;7454;8025;8074;8176;8340;8856;9468;11689;2918;503;3379
IRAN, ISLAMIC REPUBLIC OF;1000;1218;1433;1690;1856;2286;2400;2921;NULL;NULL;NULL;NULL;NULL;NULL;NULL;NULL;NULL;NULL;NULL;7698;6620;9007;10543;7243;NULL;1550;2402;9311
IRAQ;NULL;NULL;NULL;NULL;NULL;NULL;NULL;NULL;NULL;NULL;NULL;NULL;NULL;NULL;NULL;NULL;NULL;NULL;NULL;NULL;NULL;NULL;NULL;NULL;NULL;NULL;NULL;NULL
IRELAND;2547;2733;3053;3330;3576;3783;4216;4634;4929;5409;6113;6848;7713;7877;7047;6917;6514;6600;6579;6676;7094;7646;8171;8643;9350;2326;2276;NULL
ISRAEL;2259;2505;2707;2983;3203;3530;3561;3273;3299;3614;3687;3713;4147;4207;4007;4269;4387;4349;4757;5181;5891;6781;7597;8473;9179;1544;3022;8432
ITALY;NULL;18173;17254;17698;17361;20080;20567;22978;24572;21557;23147;24022;25789;26464;27490;28188;27831;27376;26305;26862;27494;29067;31805;33347.1;34703;11959.5;12354;24970
JAMAICA;NULL;NULL;NULL;NULL;NULL;NULL;NULL;NULL;NULL;NULL;NULL;NULL;NULL;NULL;NULL;NULL;NULL;NULL;NULL;NULL;NULL;NULL;NULL;NULL;NULL;NULL;NULL;NULL
JAPAN;15298;16695;16803;15806;16358;17819;16216;16523;13296;16831;17404;17535;17295;15987;15446;16637;16994;18491;17473;16903;16214;17116;17889;18954;20081;3174;512;2772
JORDAN;1128;1141;1233;1347;1561;1625;1755;1276;1229;1420;1523;2139;2094;1972;2054;2708;1931;1567;1498;1230;1633;1511;1592;1501;1537;406;846;1399
KAZAKHSTAN;NULL;523;419;502;398;1247;2294;2274;2374;3915;2975;3615;4449;4239;5309;5893;7852;8875;9931;10230;11303;9756;10261;10646;10707;2865;3501;7670
KENYA;NULL;NULL;NULL;NULL;NULL;NULL;NULL;NULL;NULL;NULL;NULL;NULL;NULL;NULL;NULL;NULL;NULL;NULL;NULL;NULL;NULL;NULL;NULL;NULL;NULL;NULL;NULL;NULL
KIRIBATI;NULL;NULL;NULL;NULL;NULL;NULL;NULL;NULL;NULL;NULL;NULL;NULL;NULL;NULL;NULL;NULL;NULL;NULL;NULL;NULL;NULL;NULL;NULL;NULL;NULL;NULL;NULL;NULL
KOREA, DEMOCRATIC PEOPLE´S REPUBLIC OF;NULL;NULL;NULL;NULL;NULL;NULL;NULL;NULL;NULL;NULL;NULL;NULL;NULL;NULL;NULL;NULL;NULL;NULL;NULL;NULL;NULL;NULL;NULL;NULL;NULL;NULL;NULL;NULL
KOREA, REPUBLIC OF;3819;4649;4542;3067;4342;5508;6084;7123;7086;8826;10080;11610;13325;11996;9494;12488;12694;13737;14846;16081;19310;22383;26496;28696;28714;4276;1223;6554
KUWAIT;878;1051;1097;1264;1209;1236;1666;1725;1774;1928;2173;2529;2649;NULL;NULL;NULL;NULL;NULL;NULL;NULL;NULL;NULL;NULL;NULL;NULL;NULL;NULL;NULL
KYRGYZSTAN;42;NULL;NULL;33;45;47;46;59;116;239;201;454;559;2273;2354;1342;3061;3621;3993;3790;4008;4185;4446;6839;5314;1520;1808;3734
LAO PEOPLE´S DEMOCRATIC REPUBLIC;NULL;NULL;NULL;NULL;NULL;NULL;NULL;NULL;NULL;NULL;NULL;NULL;NULL;NULL;NULL;1686;1788;2052;2857;3320;3067;3059;3049;3207;2690;707;NULL;NULL
LATVIA;1812;1798;1877;1961;2256;2596;2697;2306;2286;2457;2959;3151;3398;3782;1573;1650;1530;1398;1246;1362;1242;1250;1265;1368;1480;432;512;1303
LEBANON;NULL;NULL;NULL;NULL;NULL;NULL;NULL;NULL;NULL;NULL;NULL;NULL;NULL;NULL;NULL;NULL;NULL;NULL;NULL;NULL;NULL;NULL;NULL;NULL;NULL;NULL;NULL;NULL
LESOTHO;NULL;NULL;NULL;NULL;NULL;NULL;NULL;NULL;NULL;NULL;NULL;NULL;NULL;NULL;NULL;NULL;NULL;NULL;NULL;NULL;NULL;NULL;NULL;NULL;NULL;NULL;NULL;NULL
LIBERIA;NULL;NULL;NULL;NULL;NULL;NULL;NULL;NULL;NULL;NULL;NULL;NULL;NULL;NULL;NULL;NULL;NULL;NULL;NULL;NULL;NULL;NULL;NULL;NULL;NULL;NULL;NULL;NULL
LIBYA;484;493;650;NULL;NULL;NULL;NULL;NULL;NULL;NULL;NULL;NULL;NULL;NULL;NULL;NULL;NULL;NULL;NULL;NULL;NULL;NULL;NULL;NULL;NULL;NULL;NULL;NULL
LIECHTENSTEIN;NULL;NULL;NULL;NULL;NULL;NULL;NULL;NULL;NULL;NULL;NULL;NULL;NULL;NULL;NULL;NULL;NULL;NULL;NULL;NULL;NULL;NULL;NULL;NULL;NULL;NULL;NULL;NULL
LITHUANIA;1925;2864;2981;3241;3487;3632;3390;3584;3502;NULL;1633;1789;1661;1757;1288;1411;1526;1708;1764;1789;1860;1953;2032;2244;2347;682;830.2;1919
LUXEMBOURG;NULL;NULL;694;757;809;950;923;1049;1021;1100;1185;1084;1132;1190;1362;1237;1643;1580;1624;1815;1702;1588;2346;2510;2548;1460;1814;2819
MACAO, CHINA;7880.149;10155.372;12072.223;9371.366;10337.472;14587.701;18223.283;20479.862;19234.295;22054.228;26083.957;25758.6;25095.21;25101.35;24996.957;25638.668;26355.133;23919.072;23534.854;23704.57;26049.73;26640.929;27756.617;28437.881;30429.177;14425.65;20875.667;21153.898
MADAGASCAR;39;NULL;NULL;NULL;NULL;NULL;NULL;NULL;NULL;NULL;NULL;NULL;NULL;NULL;NULL;NULL;NULL;NULL;NULL;NULL;NULL;NULL;NULL;NULL;NULL;NULL;NULL;NULL
MALAWI;NULL;NULL;NULL;NULL;NULL;NULL;NULL;NULL;NULL;NULL;NULL;NULL;NULL;NULL;NULL;NULL;NULL;NULL;NULL;NULL;NULL;NULL;NULL;NULL;120;NULL;NULL;NULL
MALAYSIA;20642;23333;26165;25631;26067;30532;36248;29866;32201;30761;NULL;NULL;NULL;NULL;NULL;NULL;NULL;NULL;NULL;NULL;NULL;NULL;NULL;NULL;NULL;NULL;NULL;NULL
MALDIVES;32;32;33;37;42;42;41;43;44;61;77;74;102;123;NULL;NULL;NULL;NULL;NULL;NULL;NULL;NULL;NULL;NULL;NULL;NULL;NULL;NULL
MALI;NULL;NULL;NULL;NULL;NULL;NULL;NULL;NULL;NULL;NULL;NULL;NULL;NULL;NULL;NULL;NULL;NULL;NULL;NULL;NULL;NULL;NULL;NULL;NULL;NULL;NULL;NULL;NULL
MALTA;163;168;172;167;179;200;179;157;174;203;225;257;280;261;264;294;309;331;363;391;428;497;573;667;707;197;303;601.7
MARSHALL ISLANDS;NULL;NULL;NULL;NULL;NULL;NULL;NULL;NULL;NULL;NULL;NULL;NULL;NULL;NULL;NULL;NULL;NULL;NULL;NULL;NULL;NULL;NULL;NULL;NULL;NULL;NULL;NULL;NULL
MARTINIQUE;NULL;NULL;NULL;NULL;NULL;NULL;NULL;NULL;NULL;NULL;NULL;NULL;NULL;NULL;NULL;NULL;NULL;NULL;NULL;NULL;NULL;NULL;NULL;NULL;NULL;NULL;NULL;NULL
MAURITANIA;NULL;NULL;NULL;NULL;NULL;NULL;NULL;NULL;NULL;NULL;NULL;NULL;NULL;NULL;NULL;NULL;NULL;NULL;NULL;NULL;NULL;NULL;NULL;NULL;NULL;NULL;NULL;NULL
MAURITIUS;107;120;132;143;154;163;161;162;161;180;183;186;213;226;196;212;219;237;228;223;242;260;283;296;320;65;42;229.3
MEXICO;8450;9001;8910;9637;10352;11079;12075;11948;11044;12494;13305;14002;15257;14527;14104;14334;14799;15581;15911;18261;19603;20223;19067;19748;19810;7345;11685;13750
MICRONESIA, FEDERATED STATES OF;NULL;NULL;NULL;NULL;NULL;NULL;NULL;NULL;NULL;NULL;NULL;NULL;NULL;NULL;NULL;NULL;NULL;NULL;NULL;NULL;NULL;NULL;NULL;NULL;NULL;NULL;NULL;NULL
MOLDOVA, REPUBLIC OF;71;54;35;28;37;32;30;52;67;68;57;68;82;85;93;116.9;135.9;146.4;157.3;179.5;185.7;170;216;251;289;73;216.6;317.2
MONACO;NULL;NULL;NULL;NULL;NULL;NULL;NULL;NULL;NULL;NULL;NULL;NULL;NULL;NULL;NULL;NULL;NULL;NULL;NULL;NULL;NULL;NULL;NULL;NULL;NULL;NULL;NULL;NULL
MONGOLIA;NULL;NULL;NULL;NULL;NULL;NULL;NULL;NULL;NULL;NULL;NULL;NULL;NULL;NULL;NULL;NULL;NULL;NULL;NULL;NULL;NULL;NULL;NULL;NULL;NULL;NULL;NULL;NULL
MONTENEGRO;NULL;NULL;NULL;NULL;NULL;NULL;NULL;NULL;NULL;NULL;NULL;NULL;NULL;NULL;NULL;NULL;NULL;NULL;NULL;NULL;NULL;NULL;NULL;NULL;NULL;NULL;NULL;NULL
MONTSERRAT;NULL;NULL;NULL;NULL;NULL;NULL;NULL;NULL;NULL;NULL;NULL;NULL;NULL;NULL;NULL;NULL;NULL;NULL;NULL;NULL;NULL;NULL;NULL;NULL;NULL;NULL;NULL;NULL
MOROCCO;1317;1212;1203;1275;1545;1508;1701;1533;1612;1603;2247;2135;2669;3421;2293;2175;2378;2323;2195;1850;1910;1864;1849;1923;2009;646;869;2020
MOZAMBIQUE;NULL;NULL;NULL;NULL;NULL;NULL;NULL;NULL;NULL;NULL;NULL;NULL;NULL;NULL;NULL;NULL;NULL;NULL;NULL;NULL;NULL;NULL;NULL;NULL;NULL;NULL;NULL;NULL
MYANMAR;NULL;NULL;NULL;NULL;NULL;NULL;NULL;NULL;NULL;NULL;NULL;NULL;NULL;NULL;NULL;NULL;NULL;NULL;NULL;NULL;NULL;NULL;NULL;NULL;NULL;NULL;NULL;NULL
NAMIBIA;NULL;NULL;NULL;NULL;NULL;NULL;NULL;NULL;NULL;NULL;NULL;NULL;NULL;NULL;NULL;NULL;NULL;NULL;NULL;NULL;NULL;NULL;NULL;NULL;NULL;NULL;NULL;NULL
NAURU;NULL;NULL;NULL;NULL;NULL;NULL;NULL;NULL;NULL;NULL;NULL;NULL;NULL;NULL;NULL;NULL;NULL;NULL;NULL;NULL;NULL;NULL;NULL;NULL;NULL;NULL;NULL;NULL
NEPAL;100;119;132;122;125;155;200;238;258;286;373;415;469;561;589;765;774;862;983;NULL;NULL;NULL;1197;NULL;NULL;NULL;NULL;NULL
NETHERLANDS;12313;12807;12858;13553;14184;13896;14214;16719;16425;17130;17039;16695;17523;18399;18340;18368;18560;18628;18094;17928;17535;18152;20763;20981;22045;7667;11601;23146
NEW CALEDONIA;59;64;63;68;69;69;68;72;78;89;96;100;106;112;119;132;124;121;121;124;127;134;135;139;310;104;18;159
NEW ZEALAND;920;1093;1132;1166;1185;1283;1287;1293;1374;1733;1872;1861;1978;1967;1918;2026;2096;2172;2197;2276;2412;2611;2853;3038;3225;511;234;1629
NICARAGUA;255;282;330;422;452;486;499;532;562;701;740;773;949;942;858;908;912;979;994;959;925;981;982;974;949;325;372;699
NIGER;10;10;10;10;NULL;NULL;NULL;NULL;NULL;NULL;NULL;NULL;NULL;NULL;NULL;NULL;NULL;NULL;NULL;NULL;NULL;NULL;NULL;NULL;NULL;NULL;NULL;NULL
NIGERIA;NULL;NULL;NULL;NULL;NULL;NULL;NULL;NULL;NULL;NULL;NULL;NULL;NULL;NULL;NULL;NULL;NULL;NULL;NULL;NULL;NULL;NULL;NULL;NULL;NULL;NULL;NULL;NULL
NIUE;NULL;NULL;NULL;NULL;0.5;1;1.2;1.1;1.4;1.5;1.6;1.6;1.8;1.8;1.7;1.6;NULL;NULL;NULL;NULL;NULL;NULL;NULL;NULL;NULL;0.5;0.5;NULL
NORTH MACEDONIA;NULL;NULL;NULL;NULL;NULL;NULL;NULL;NULL;NULL;NULL;NULL;NULL;NULL;NULL;NULL;NULL;NULL;NULL;NULL;NULL;NULL;NULL;NULL;NULL;NULL;NULL;NULL;NULL
NORTHERN MARIANA ISLANDS;NULL;NULL;NULL;NULL;NULL;NULL;NULL;NULL;NULL;NULL;NULL;NULL;NULL;NULL;NULL;NULL;NULL;NULL;NULL;NULL;NULL;NULL;NULL;NULL;NULL;NULL;NULL;NULL
NORWAY;590;692;753;NULL;2271;2394;2348;2629;2588;2960;3166;3236;3395;NULL;6640;7590;8130;9250;9280;9190;8750;8030;8170;8110;8890;1690;1860;7040
OMAN;NULL;NULL;NULL;NULL;NULL;NULL;NULL;NULL;NULL;NULL;2018;2248;2263;2062;1645;1873;2446;2888;3103;3358;3838;4167;4473;3350;4224;1098;1311;3318.2
PAKISTAN;NULL;NULL;NULL;NULL;NULL;NULL;NULL;NULL;NULL;NULL;NULL;NULL;NULL;NULL;NULL;NULL;NULL;NULL;NULL;NULL;NULL;NULL;NULL;NULL;NULL;NULL;NULL;NULL
PALAU;NULL;NULL;NULL;9;NULL;NULL;NULL;NULL;NULL;NULL;NULL;NULL;NULL;NULL;NULL;NULL;NULL;NULL;NULL;NULL;NULL;NULL;NULL;NULL;NULL;NULL;NULL;NULL
PANAMA;185;188;194;211;221;216;200;200;227;256;285;284;314;369;336;392;414;447;619;853;965;1051;869;1020;1226;401;583;851
PAPUA NEW GUINEA;51;NULL;64;65;58;52;38;92;NULL;NULL;NULL;NULL;NULL;NULL;NULL;NULL;NULL;NULL;NULL;NULL;NULL;NULL;NULL;NULL;NULL;NULL;NULL;NULL
PARAGUAY;427;418;369;318;281;175;157;141;153;170;188;210;242;278;288;302;347;400;440;426;1008;1503;1471;1447;1449;378;366;988
PERU;508;510;577;538;513;730;1060;1232;1392;1635;1841;1857;1915;1913;1891;2058;2132;2296;2364;2442;2595;2751;2875;3078;3275;791;617;2118.5
PHILIPPINES;1615;2121;1930;1817;1755;1670;1787;1969;1803;1920;2144;2745;3066;3355;3188;NULL;NULL;NULL;NULL;3488;5115;5703;NULL;NULL;NULL;NULL;NULL;NULL
POLAND;36387;44713;48610;49328;55097;56677;53122;45043;38730;37226;6200;7300;6900;7600;6300;7100;6300;9300;10050;10300;10900;11300;12000;12800;13500;6200;6813;11742
PORTUGAL;NULL;NULL;NULL;NULL;NULL;NULL;NULL;NULL;NULL;17141;18110;18378;20989;NULL;NULL;NULL;NULL;1361;1490;1502;1893;1941;2195;2486;3100;680;1012;2657
PUERTO RICO;1237;1184;1251;1250;1134;1259;1331;1227;1272;1361;1410;1468;1441;1438;1116;980;924;876;839;793;746;789;784;731;766;688;659;1086
QATAR;NULL;NULL;NULL;NULL;NULL;NULL;NULL;NULL;NULL;NULL;NULL;NULL;NULL;NULL;NULL;NULL;NULL;NULL;NULL;NULL;NULL;NULL;NULL;NULL;NULL;NULL;NULL;NULL
REUNION;NULL;NULL;NULL;NULL;NULL;NULL;NULL;NULL;NULL;NULL;NULL;NULL;NULL;NULL;NULL;NULL;NULL;NULL;NULL;NULL;NULL;NULL;NULL;NULL;NULL;NULL;NULL;NULL
ROMANIA;5737;5748;6243;6893;6274;6388;6408;5757;6497;6972;7140;8906;10980;13072;11723;10905;10936;11149;11364;12299;13118;16128;19953;21039;23066;9510;11643;17265
RUSSIAN FEDERATION;21329;12260;11182;10635;12631;18371;18030;20428;20572;24507;28416;29107;34285;36538;34276;39323;43726;47813;54069;45889;34550;31659;39629;41964;45330;12361;NULL;NULL
RWANDA;NULL;NULL;NULL;NULL;NULL;NULL;NULL;NULL;NULL;NULL;NULL;NULL;NULL;NULL;NULL;NULL;NULL;NULL;NULL;NULL;NULL;NULL;NULL;NULL;NULL;NULL;NULL;NULL
SABA;NULL;NULL;NULL;NULL;NULL;NULL;NULL;NULL;NULL;NULL;NULL;NULL;NULL;NULL;NULL;NULL;NULL;NULL;NULL;NULL;NULL;NULL;NULL;NULL;NULL;NULL;NULL;NULL
SAINT KITTS AND NEVIS;NULL;NULL;NULL;NULL;NULL;NULL;NULL;NULL;NULL;NULL;NULL;NULL;NULL;NULL;NULL;NULL;NULL;NULL;NULL;NULL;NULL;NULL;NULL;NULL;NULL;NULL;NULL;NULL
SAINT LUCIA;NULL;NULL;NULL;NULL;NULL;NULL;NULL;NULL;NULL;NULL;NULL;NULL;NULL;NULL;NULL;NULL;NULL;NULL;NULL;NULL;NULL;NULL;NULL;NULL;NULL;NULL;NULL;NULL
SAINT VINCENT AND THE GRENADINES;NULL;NULL;NULL;NULL;NULL;NULL;NULL;NULL;NULL;NULL;NULL;NULL;NULL;NULL;NULL;NULL;NULL;NULL;NULL;NULL;NULL;NULL;NULL;NULL;NULL;NULL;NULL;NULL
SAMOA;NULL;NULL;NULL;NULL;58;61;56;53;51;54;52;51;52;53;43;56;57;56;51;57;54;NULL;55;64;69;18.5;4.9;25
SAN MARINO;NULL;NULL;NULL;NULL;NULL;NULL;NULL;NULL;NULL;NULL;NULL;NULL;NULL;NULL;NULL;NULL;NULL;NULL;NULL;NULL;NULL;NULL;NULL;NULL;NULL;NULL;NULL;NULL
SAO TOME AND PRINCIPE;NULL;NULL;NULL;NULL;NULL;NULL;NULL;NULL;NULL;NULL;NULL;NULL;8.6;10.3;NULL;NULL;NULL;NULL;NULL;NULL;NULL;NULL;NULL;NULL;NULL;NULL;NULL;NULL
SAUDI ARABIA;NULL;NULL;NULL;NULL;NULL;NULL;NULL;7896;4104;3811;4403;2000;4126;4087;6032;17827;15281.320349678323;18671;19153.95934874298;19824.4911796831;20819;21207;21146;19751;19010;4839;8415.1;16882
SENEGAL;NULL;NULL;NULL;NULL;NULL;NULL;NULL;NULL;NULL;NULL;NULL;NULL;NULL;NULL;NULL;NULL;NULL;NULL;NULL;NULL;NULL;NULL;NULL;NULL;NULL;NULL;NULL;NULL
SERBIA;NULL;NULL;NULL;NULL;NULL;NULL;NULL;NULL;NULL;NULL;NULL;NULL;NULL;NULL;NULL;NULL;NULL;NULL;NULL;NULL;NULL;NULL;NULL;NULL;NULL;NULL;NULL;NULL
SERBIA AND MONTENEGRO;NULL;NULL;NULL;NULL;NULL;NULL;NULL;NULL;NULL;NULL;NULL;NULL;NULL;NULL;NULL;NULL;NULL;NULL;NULL;NULL;NULL;NULL;NULL;NULL;NULL;NULL;NULL;NULL
SEYCHELLES;31;29;30;31;32;36;41;53;50;48;52;55;58;54;49;59;48;45;47;50;56;68;74;72;76;19;27;51
SIERRA LEONE;NULL;NULL;6;7;13;13;20;27;13;28;63;67;71;73;72;76;99;104;111;93;61;92;110;112;122;38;25;NULL
SINGAPORE;2867;3305;3671;3745;3971;4444;4363;4399;4221;5165;5159;5533;6024;6828;6961;7342;7753;8048;8647;8903;9125;9474;9889;10378;10711;1543;833;5154
SINT EUSTATIUS;NULL;NULL;NULL;NULL;NULL;NULL;NULL;NULL;NULL;NULL;NULL;NULL;NULL;NULL;NULL;NULL;NULL;NULL;NULL;NULL;NULL;NULL;NULL;NULL;NULL;NULL;NULL;NULL
SINT MAARTEN (DUTCH PART);NULL;NULL;NULL;NULL;NULL;NULL;NULL;NULL;NULL;NULL;NULL;NULL;NULL;NULL;NULL;NULL;NULL;NULL;NULL;NULL;NULL;NULL;NULL;NULL;NULL;NULL;NULL;NULL
SLOVAKIA;NULL;NULL;NULL;NULL;NULL;NULL;NULL;NULL;NULL;NULL;2987;3149;3603;3683;3230;2692;3285;2689;2129;2406;2777;3095;3870;4662;5214;1044;1562;NULL
SLOVENIA;NULL;NULL;NULL;NULL;NULL;1965;2055;2127;2114;2800;2660;2680;2496;2459;2586;2874;2722;2474;2612;2642;2867;2853;3013;3188;3170;1138;2123;3161
SOLOMON ISLANDS;NULL;NULL;NULL;NULL;NULL;NULL;NULL;NULL;NULL;NULL;NULL;NULL;NULL;NULL;NULL;NULL;NULL;NULL;NULL;NULL;NULL;NULL;NULL;NULL;NULL;NULL;NULL;NULL
SOMALIA;NULL;NULL;NULL;NULL;NULL;NULL;NULL;NULL;NULL;NULL;NULL;NULL;NULL;NULL;NULL;NULL;NULL;NULL;NULL;NULL;NULL;NULL;NULL;NULL;NULL;NULL;NULL;NULL
SOUTH AFRICA;NULL;NULL;NULL;NULL;NULL;NULL;NULL;NULL;NULL;NULL;NULL;NULL;NULL;NULL;NULL;NULL;NULL;NULL;NULL;NULL;NULL;NULL;NULL;NULL;NULL;NULL;NULL;NULL
SOUTH SUDAN;NULL;NULL;NULL;NULL;NULL;NULL;NULL;NULL;NULL;NULL;NULL;NULL;NULL;NULL;NULL;NULL;NULL;NULL;NULL;NULL;NULL;NULL;NULL;NULL;NULL;NULL;NULL;NULL
SPAIN;3648;4224;3980;4794;3519;4100;4139;3871;4094;5121;10464;10678;11276;11229;12017;12379;13347;12422;11246;11783;14407;15405;17031;19032;19845;4940;7013;15755
SRI LANKA;504;494;531;518;497;524;505;533;561;680;727;757;862;966;963;1122;1239;1269;1262;1311;1356;1448;1439;1476;1441;305;309;1127.5
STATE OF PALESTINE;NULL;NULL;NULL;NULL;NULL;NULL;NULL;NULL;NULL;NULL;NULL;NULL;NULL;NULL;NULL;NULL;NULL;NULL;NULL;NULL;NULL;NULL;NULL;NULL;NULL;NULL;NULL;NULL
SUDAN;195;NULL;NULL;NULL;NULL;NULL;NULL;NULL;NULL;NULL;NULL;NULL;NULL;NULL;NULL;NULL;NULL;NULL;NULL;NULL;NULL;NULL;NULL;NULL;NULL;NULL;NULL;NULL
SURINAME;NULL;NULL;NULL;NULL;NULL;NULL;NULL;NULL;NULL;NULL;NULL;NULL;NULL;NULL;NULL;NULL;NULL;NULL;NULL;NULL;NULL;NULL;NULL;NULL;NULL;NULL;NULL;NULL
SWEDEN;10127;10390;10818;11422;10500;10147;10741;12888;12649;13950;15677;12559;12692;13291;11699;13042;14651;15548;15917;NULL;NULL;NULL;20361;18855;18000;4225;5767;NULL
SWITZERLAND;11148;12061;12515;11891;11815;12240;11554;11427;8774;NULL;NULL;NULL;NULL;11147;10453;10011;10466;12098;12403;12518;13601;13857;15318;15285;13443;6118;6296;11275.1
SYRIAN ARAB REPUBLIC;1746;1871;2299;2411;2994;3863;3492;3299;3997;4309;4564;4042;4196;5253;5215;6259;NULL;NULL;NULL;NULL;NULL;NULL;NULL;NULL;NULL;NULL;NULL;NULL
TAIWAN PROVINCE OF CHINA;5189;5714;6162;5912;6559;7329;7153;7319;5923;7781;8208;8671;8964;8465;8143;9415;9584;10240;11053;11845;13183;14589;15655;16645;17101;2336;360;1483
TAJIKISTAN;NULL;NULL;NULL;NULL;4.1;6.4;2.7;NULL;NULL;NULL;NULL;NULL;NULL;NULL;NULL;NULL;NULL;15;15;19;16;22;31;31;NULL;NULL;NULL;NULL
TANZANIA, UNITED REPUBLIC OF;157;148;NULL;NULL;NULL;NULL;NULL;NULL;NULL;NULL;NULL;NULL;NULL;NULL;NULL;NULL;NULL;NULL;NULL;NULL;NULL;NULL;NULL;NULL;NULL;NULL;121;NULL
THAILAND;1820;1845;1660;1412;1655;1909;2011;2250;2152;2709;3047;3382;4018;3908;4653;5451;5397;5721;5970;6444;6794;8204;8963;9966;10446;1706;33;NULL
TIMOR-LESTE;NULL;NULL;NULL;NULL;NULL;NULL;NULL;NULL;NULL;NULL;NULL;NULL;NULL;NULL;NULL;NULL;NULL;NULL;NULL;NULL;NULL;NULL;NULL;NULL;NULL;NULL;NULL;NULL
TOGO;NULL;NULL;NULL;NULL;NULL;NULL;NULL;NULL;NULL;NULL;NULL;NULL;NULL;NULL;NULL;NULL;NULL;NULL;NULL;NULL;NULL;191;216;236;269;NULL;NULL;NULL
TONGA;NULL;NULL;NULL;NULL;NULL;NULL;NULL;NULL;NULL;NULL;NULL;NULL;NULL;NULL;NULL;NULL;NULL;NULL;NULL;NULL;NULL;NULL;NULL;NULL;NULL;NULL;NULL;NULL
TRINIDAD AND TOBAGO;261;248;NULL;NULL;NULL;NULL;NULL;NULL;NULL;NULL;NULL;NULL;NULL;NULL;270;273;NULL;NULL;NULL;NULL;NULL;NULL;NULL;NULL;NULL;NULL;NULL;NULL
TUNISIA;1778;1428;1381;1526;1480;1632;1669;1939;2274;2312;2241;2302;2743;3118;2623;2250;2303;2897;2873;2637;NULL;1830;NULL;2515;2781;739;1748;3314
TÜRKIYE;3981;4261;4633;4601;4758;5284;4856;5131;5928;7299;8246;8275;4956;4893;5561;6557;6282;5803;7526;7982;8751;7892;8887;8383;9651;2243;2738;7267
TURKMENISTAN;21;29;31;357;NULL;78;111;79;34;32;33;33;38;NULL;NULL;NULL;NULL;NULL;NULL;NULL;NULL;NULL;NULL;NULL;NULL;NULL;NULL;NULL
TURKS AND CAICOS ISLANDS;NULL;NULL;NULL;NULL;NULL;NULL;NULL;NULL;NULL;NULL;NULL;NULL;NULL;NULL;NULL;NULL;NULL;NULL;NULL;NULL;NULL;NULL;NULL;NULL;NULL;NULL;NULL;NULL
TUVALU;NULL;NULL;NULL;1.9;2.2;2.9;2.8;2.7;2.6;2.3;2.2;2;2.4;NULL;NULL;NULL;2.1;NULL;NULL;NULL;NULL;NULL;NULL;4.2;4.7;1.5;0.5;1.4
UGANDA;NULL;NULL;148;241;327;153;152;184;189;231;189;254;272;337;311;324;367;469;471;511;523;568;563;NULL;488;197;331;NULL
UKRAINE;6552;6004;9632;7773;7399;13422;14849;14729;14795;15588;16454;16875;17335;15499;15334;17180;19773;21433;23761;22438;23142;24668;26437;27811;28880;11018;14352;15184
UNITED ARAB EMIRATES;NULL;NULL;NULL;NULL;NULL;NULL;NULL;NULL;NULL;NULL;NULL;NULL;NULL;NULL;NULL;NULL;NULL;NULL;NULL;NULL;17407;18222;18356;18454;18395;6284;7258.1;NULL
UNITED KINGDOM;41345;42050;45957;50872;53881;56837;58281;59377;61424;64194;66494;69536;69450;69011;63513;64647;67493;66858;68959;72204;77619;81757;87242;90571;93086;23827;19142;70950
UNITED STATES OF AMERICA;51285;52999;53229;55696;57222;61327;59442;58066;56250;61809;63503;63663;64049;63653;62130;61061;59209;60697;61344;68185;74191;80223;87657;93137.4;99744.4;33499.4;NULL;NULL
UNITED STATES VIRGIN ISLANDS;NULL;NULL;NULL;NULL;NULL;NULL;NULL;NULL;NULL;NULL;NULL;NULL;NULL;NULL;NULL;NULL;NULL;NULL;NULL;NULL;NULL;NULL;NULL;NULL;NULL;NULL;NULL;NULL
URUGUAY;NULL;NULL;562;654;778;667;531;530;495;569;658;666;635;734;826;1027;1534;1816;2281;2396;2217;1715;1789;1947;2199;NULL;93;NULL
UZBEKISTAN;NULL;NULL;246;247;202;217;183;264;400;455;572;893;1248;1150;1317;1610;NULL;NULL;3117;2786;3491;3848;5182;8594;8437;NULL;NULL;NULL
VANUATU;11;11;11;12;12;12;11;11;12;13;14;15;16;19;20;21;22;23;26;26;27;20.3;26.3;28.4;36.4;9.4;9;18.2
VENEZUELA, BOLIVARIAN REPUBLIC OF;534;511;460;752;754;954;933;881;832;816;1067;1095;1410;1745;1651;1477;1719;1734;1931;1589;1539;1530;1079;NULL;NULL;NULL;NULL;NULL
VIET NAM;NULL;NULL;NULL;NULL;NULL;NULL;NULL;NULL;NULL;NULL;NULL;NULL;NULL;NULL;NULL;NULL;NULL;NULL;NULL;NULL;NULL;NULL;NULL;NULL;NULL;NULL;NULL;NULL
YEMEN;NULL;NULL;NULL;NULL;NULL;NULL;NULL;NULL;NULL;NULL;NULL;NULL;NULL;NULL;NULL;NULL;NULL;NULL;NULL;NULL;NULL;NULL;NULL;NULL;NULL;NULL;NULL;NULL
ZAMBIA;NULL;NULL;NULL;NULL;NULL;NULL;NULL;NULL;NULL;NULL;NULL;NULL;NULL;NULL;NULL;NULL;NULL;NULL;NULL;NULL;NULL;NULL;NULL;NULL;NULL;NULL;NULL;NULL
ZIMBABWE;256;69;123;213;331;NULL;NULL;NULL;386;498;474;541;547;593;631;650;693;720;2946;3182;3393;3192;2768;2288;3275;993;597;1610
